<scene version="3.0.0">
	<default name="integrator" value="path" />
	<default name="spp" value="64" />
	<default name="resy" value="720" />
	<default name="resx" value="1280" />
	<default name="max_depth" value="65" />
	<integrator type="$integrator">
		<integer name="max_depth" value="$max_depth" />
	</integrator>
	<sensor type="perspective">
		<float name="fov" value="90" />
		<transform name="to_world">
			<matrix value="0.264209 0.071763 -0.961792 5.10518 -2.81996e-008 0.997228 0.074407 0.731065 0.964465 -0.019659 0.263476 -2.31789 0 0 0 1" />
		</transform>
		<sampler type="independent">
			<integer name="sample_count" value="$spp" />
		</sampler>
		<film type="hdrfilm">
			<integer name="width" value="$resx" />
			<integer name="height" value="$resy" />
			<string name="file_format" value="openexr" />
			<string name="pixel_format" value="rgb" />
			<rfilter type="box" />
		</film>
	</sensor>
	<bsdf type="twosided" id="DirtBSDF">
		<bsdf type="diffuse">
			<rgb name="reflectance" value="0.098504, 0.045968, 0.035887" />
		</bsdf>
	</bsdf>
	<bsdf type="twosided" id="FloorBSDF">
		<bsdf type="roughplastic">
			<float name="alpha" value="0.15" />
			<string name="distribution" value="ggx" />
			<float name="int_ior" value="1.5" />
			<float name="ext_ior" value="1" />
			<boolean name="nonlinear" value="true" />
			<texture name="diffuse_reflectance" type="bitmap">
				<string name="filename" value="textures/wood.jpg" />
				<string name="filter_type" value="bilinear" />
			</texture>
		</bsdf>
	</bsdf>
	<bsdf type="twosided" id="TableWoodBSDF">
		<bsdf type="roughplastic">
			<float name="alpha" value="0.05" />
			<string name="distribution" value="ggx" />
			<float name="int_ior" value="1.5" />
			<float name="ext_ior" value="1" />
			<boolean name="nonlinear" value="true" />
			<texture name="diffuse_reflectance" type="bitmap">
				<string name="filename" value="textures/wood5.jpg" />
				<string name="filter_type" value="bilinear" />
			</texture>
		</bsdf>
	</bsdf>
	<bsdf type="twosided" id="SofaBSDF">
		<bsdf type="diffuse">
			<rgb name="reflectance" value="1, 1, 1" />
		</bsdf>
	</bsdf>
	<bsdf type="twosided" id="SofaLegsBSDF">
		<bsdf type="diffuse">
			<rgb name="reflectance" value="0.1, 0.1, 0.1" />
		</bsdf>
	</bsdf>
	<bsdf type="twosided" id="WallsBSDF">
		<bsdf type="diffuse">
			<rgb name="reflectance" value="0.1, 0.1, 0.1" />
		</bsdf>
	</bsdf>
	<bsdf type="twosided" id="PanelingBSDF">
		<bsdf type="roughplastic">
			<float name="alpha" value="0.2" />
			<string name="distribution" value="ggx" />
			<float name="int_ior" value="1.5" />
			<float name="ext_ior" value="1" />
			<boolean name="nonlinear" value="true" />
			<rgb name="diffuse_reflectance" value="0.8, 0.8, 0.8" />
		</bsdf>
	</bsdf>
	<bsdf type="twosided" id="MirrorBSDF">
		<bsdf type="conductor">
			<string name="material" value="none" />
		</bsdf>
	</bsdf>
	<bsdf type="twosided" id="BrushedStainlessSteelBSDF">
		<bsdf type="roughconductor">
			<float name="alpha" value="0.02" />
			<string name="distribution" value="ggx" />
			<rgb name="specular_reflectance" value="0.578596, 0.578596, 0.578596" />
			<rgb name="eta" value="1.65746, 0.880369, 0.521229" />
			<rgb name="k" value="9.22387, 6.26952, 4.837" />
		</bsdf>
	</bsdf>
	<bsdf type="twosided" id="MattePaintBSDF">
		<bsdf type="diffuse">
			<rgb name="reflectance" value="0.578596, 0.578596, 0.578596" />
		</bsdf>
	</bsdf>
	<bsdf type="twosided" id="PaintingBSDF">
		<bsdf type="diffuse">
			<texture name="reflectance" type="bitmap">
				<string name="filename" value="textures/picture8.jpg" />
				<string name="filter_type" value="bilinear" />
			</texture>
		</bsdf>
	</bsdf>
	<bsdf type="twosided" id="PaintingBackBSDF">
		<bsdf type="diffuse">
			<rgb name="reflectance" value="0.26, 0.25, 0.14" />
		</bsdf>
	</bsdf>
	<bsdf type="dielectric" id="GlassBSDF">
		<float name="int_ior" value="1.5" />
		<float name="ext_ior" value="1" />
	</bsdf>
	<bsdf type="twosided" id="PlantPotBSDF">
		<bsdf type="diffuse">
			<rgb name="reflectance" value="0.1, 0.1, 0.1" />
		</bsdf>
	</bsdf>
	<bsdf type="twosided" id="FireplaceGlassBSDF">
		<bsdf type="roughplastic">
			<float name="alpha" value="0.001" />
			<string name="distribution" value="ggx" />
			<float name="int_ior" value="1.5" />
			<float name="ext_ior" value="1" />
			<boolean name="nonlinear" value="true" />
			<rgb name="diffuse_reflectance" value="0.01, 0.01, 0.01" />
		</bsdf>
	</bsdf>
	<bsdf type="twosided" id="TransluscentBSDF">
		<bsdf type="diffuse">
			<rgb name="reflectance" value="0.9, 0.9, 0.9" />
		</bsdf>
	</bsdf>
	<bsdf type="mask" id="LeavesBSDF">
		<texture name="opacity" type="bitmap">
			<string name="filename" value="textures/leaf_mask.png" />
			<string name="filter_type" value="bilinear" />
		</texture>
		<bsdf type="twosided">
			<bsdf type="diffuse">
				<texture name="reflectance" type="bitmap">
					<string name="filename" value="textures/leaf.png" />
					<string name="filter_type" value="bilinear" />
				</texture>
			</bsdf>
		</bsdf>
	</bsdf>
	<bsdf type="twosided" id="BranchesBSDF">
		<bsdf type="diffuse">
			<rgb name="reflectance" value="0.160444, 0.0824142, 0.0199178" />
		</bsdf>
	</bsdf>
	<bsdf type="twosided" id="BottleCapBSDF">
		<bsdf type="diffuse">
			<rgb name="reflectance" value="0.456263, 0, 0" />
		</bsdf>
	</bsdf>
	<shape type="obj" id="Paneling_0001">
		<string name="filename" value="models/Mesh038.obj" />
		<transform name="to_world">
			<matrix value="1 0 0 0 0 1 0 0 0 0 1 0 0 0 0 1" />
		</transform>
		<ref id="PanelingBSDF" />
	</shape>
	<shape type="obj" id="Transluscent_0001">
		<string name="filename" value="models/Mesh036.obj" />
		<transform name="to_world">
			<matrix value="1 0 0 0 0 1 0 0 0 0 1 0 0 0 0 1" />
		</transform>
		<boolean name="face_normals" value="true" />
		<ref id="TransluscentBSDF" />
	</shape>
	<shape type="obj" id="MattePaint_0001">
		<string name="filename" value="models/Mesh035.obj" />
		<transform name="to_world">
			<matrix value="1 0 0 0 0 1 0 0 0 0 1 0 0 0 0 1" />
		</transform>
		<boolean name="face_normals" value="true" />
		<ref id="MattePaintBSDF" />
	</shape>
	<shape type="obj" id="BrushedStainlessSteel_0001">
		<string name="filename" value="models/Mesh041.obj" />
		<transform name="to_world">
			<matrix value="1 0 0 0 0 1 0 0 0 0 1 0 0 0 0 1" />
		</transform>
		<ref id="BrushedStainlessSteelBSDF" />
	</shape>
	<shape type="obj" id="Transluscent_0002">
		<string name="filename" value="models/Mesh040.obj" />
		<transform name="to_world">
			<matrix value="1 0 0 0 0 1 0 0 0 0 1 0 0 0 0 1" />
		</transform>
		<boolean name="face_normals" value="true" />
		<ref id="TransluscentBSDF" />
	</shape>
	<shape type="obj" id="MattePaint_0002">
		<string name="filename" value="models/Mesh028.obj" />
		<transform name="to_world">
			<matrix value="1 0 0 0 0 1 0 0 0 0 1 0 0 0 0 1" />
		</transform>
		<boolean name="face_normals" value="true" />
		<ref id="MattePaintBSDF" />
	</shape>
	<shape type="obj" id="BrushedStainlessSteel_0002">
		<string name="filename" value="models/Mesh022.obj" />
		<transform name="to_world">
			<matrix value="1 0 0 0 0 1 0 0 0 0 1 0 0 0 0 1" />
		</transform>
		<ref id="BrushedStainlessSteelBSDF" />
	</shape>
	<shape type="obj" id="PlantPot_0001">
		<string name="filename" value="models/Mesh020.obj" />
		<transform name="to_world">
			<matrix value="1 0 0 0 0 1 0 0 0 0 1 0 0 0 0 1" />
		</transform>
		<ref id="PlantPotBSDF" />
	</shape>
	<shape type="obj" id="Dirt_0001">
		<string name="filename" value="models/Mesh026.obj" />
		<transform name="to_world">
			<matrix value="1 0 0 0 0 1 0 0 0 0 1 0 0 0 0 1" />
		</transform>
		<ref id="DirtBSDF" />
	</shape>
	<shape type="obj" id="Branches_0001">
		<string name="filename" value="models/Mesh018.obj" />
		<transform name="to_world">
			<matrix value="1 0 0 0 0 1 0 0 0 0 1 0 0 0 0 1" />
		</transform>
		<ref id="BranchesBSDF" />
	</shape>
	<shape type="obj" id="Leaves_0001">
		<string name="filename" value="models/Mesh025.obj" />
		<transform name="to_world">
			<matrix value="1 0 0 0 0 1 0 0 0 0 1 0 0 0 0 1" />
		</transform>
		<ref id="LeavesBSDF" />
	</shape>
	<shape type="obj" id="Branches_0002">
		<string name="filename" value="models/Mesh060.obj" />
		<transform name="to_world">
			<matrix value="1 0 0 0 0 1 0 0 0 0 1 0 0 0 0 1" />
		</transform>
		<ref id="BranchesBSDF" />
	</shape>
	<shape type="obj" id="Leaves_0002">
		<string name="filename" value="models/Mesh032.obj" />
		<transform name="to_world">
			<matrix value="1 0 0 0 0 1 0 0 0 0 1 0 0 0 0 1" />
		</transform>
		<ref id="LeavesBSDF" />
	</shape>
	<shape type="obj" id="BrushedStainlessSteel_0003">
		<string name="filename" value="models/Mesh016.obj" />
		<transform name="to_world">
			<matrix value="1 0 0 0 0 1 0 0 0 0 1 0 0 0 0 1" />
		</transform>
		<ref id="BrushedStainlessSteelBSDF" />
	</shape>
	<shape type="obj" id="BrushedStainlessSteel_0004">
		<string name="filename" value="models/Mesh015.obj" />
		<transform name="to_world">
			<matrix value="1 0 0 0 0 1 0 0 0 0 1 0 0 0 0 1" />
		</transform>
		<ref id="BrushedStainlessSteelBSDF" />
	</shape>
	<shape type="obj" id="Paneling_0002">
		<string name="filename" value="models/Mesh029.obj" />
		<transform name="to_world">
			<matrix value="1 0 0 0 0 1 0 0 0 0 1 0 0 0 0 1" />
		</transform>
		<boolean name="face_normals" value="true" />
		<ref id="PanelingBSDF" />
	</shape>
	<shape type="obj" id="Paneling_0003">
		<string name="filename" value="models/Mesh043.obj" />
		<transform name="to_world">
			<matrix value="1 0 0 0 0 1 0 0 0 0 1 0 0 0 0 1" />
		</transform>
		<ref id="PanelingBSDF" />
	</shape>
	<shape type="obj" id="Paneling_0004">
		<string name="filename" value="models/Mesh033.obj" />
		<transform name="to_world">
			<matrix value="1 0 0 0 0 1 0 0 0 0 1 0 0 0 0 1" />
		</transform>
		<boolean name="face_normals" value="true" />
		<ref id="PanelingBSDF" />
	</shape>
	<shape type="obj" id="Paneling_0005">
		<string name="filename" value="models/Mesh046.obj" />
		<transform name="to_world">
			<matrix value="1 0 0 0 0 1 0 0 0 0 1 0 0 0 0 1" />
		</transform>
		<boolean name="face_normals" value="true" />
		<ref id="PanelingBSDF" />
	</shape>
	<shape type="obj" id="BrushedStainlessSteel_0005">
		<string name="filename" value="models/Mesh049.obj" />
		<transform name="to_world">
			<matrix value="1 0 0 0 0 1 0 0 0 0 1 0 0 0 0 1" />
		</transform>
		<ref id="BrushedStainlessSteelBSDF" />
	</shape>
	<shape type="obj" id="Paneling_0006">
		<string name="filename" value="models/Mesh039.obj" />
		<transform name="to_world">
			<matrix value="1 0 0 0 0 1 0 0 0 0 1 0 0 0 0 1" />
		</transform>
		<boolean name="face_normals" value="true" />
		<ref id="PanelingBSDF" />
	</shape>
	<shape type="obj" id="Paneling_0007">
		<string name="filename" value="models/Mesh027.obj" />
		<transform name="to_world">
			<matrix value="1 0 0 0 0 1 0 0 0 0 1 0 0 0 0 1" />
		</transform>
		<ref id="PanelingBSDF" />
	</shape>
	<shape type="obj" id="Paneling_0008">
		<string name="filename" value="models/Mesh050.obj" />
		<transform name="to_world">
			<matrix value="1 0 0 0 0 1 0 0 0 0 1 0 0 0 0 1" />
		</transform>
		<ref id="PanelingBSDF" />
	</shape>
	<shape type="obj" id="BrushedStainlessSteel_0006">
		<string name="filename" value="models/Mesh052.obj" />
		<transform name="to_world">
			<matrix value="1 0 0 0 0 1 0 0 0 0 1 0 0 0 0 1" />
		</transform>
		<ref id="BrushedStainlessSteelBSDF" />
	</shape>
	<shape type="obj" id="Paneling_0009">
		<string name="filename" value="models/Mesh048.obj" />
		<transform name="to_world">
			<matrix value="1 0 0 0 0 1 0 0 0 0 1 0 0 0 0 1" />
		</transform>
		<ref id="PanelingBSDF" />
	</shape>
	<shape type="obj" id="Paneling_0010">
		<string name="filename" value="models/Mesh024.obj" />
		<transform name="to_world">
			<matrix value="1 0 0 0 0 1 0 0 0 0 1 0 0 0 0 1" />
		</transform>
		<ref id="PanelingBSDF" />
	</shape>
	<shape type="obj" id="Walls_0001">
		<string name="filename" value="models/Mesh054.obj" />
		<transform name="to_world">
			<matrix value="1 0 0 0 0 1 0 0 0 0 1 0 0 0 0 1" />
		</transform>
		<ref id="WallsBSDF" />
	</shape>
	<shape type="obj" id="Paneling_0011">
		<string name="filename" value="models/Mesh055.obj" />
		<transform name="to_world">
			<matrix value="1 0 0 0 0 1 0 0 0 0 1 0 0 0 0 1" />
		</transform>
		<ref id="PanelingBSDF" />
	</shape>
	<shape type="obj" id="FireplaceGlass">
		<string name="filename" value="models/Mesh056.obj" />
		<transform name="to_world">
			<matrix value="1 0 0 0 0 1 0 0 0 0 1 0 0 0 0 1" />
		</transform>
		<boolean name="face_normals" value="true" />
		<ref id="FireplaceGlassBSDF" />
	</shape>
	<shape type="obj" id="Mirror">
		<string name="filename" value="models/Mesh045.obj" />
		<transform name="to_world">
			<matrix value="1 0 0 0 0 1 0 0 0 0 1 0 0 0 0 1" />
		</transform>
		<boolean name="face_normals" value="true" />
		<ref id="MirrorBSDF" />
	</shape>
	<shape type="obj" id="Paneling_0012">
		<string name="filename" value="models/Mesh063.obj" />
		<transform name="to_world">
			<matrix value="1 0 0 0 0 1 0 0 0 0 1 0 0 0 0 1" />
		</transform>
		<boolean name="face_normals" value="true" />
		<ref id="PanelingBSDF" />
	</shape>
	<shape type="obj" id="MattePaint_0003">
		<string name="filename" value="models/Mesh057.obj" />
		<transform name="to_world">
			<matrix value="1 0 0 0 0 1 0 0 0 0 1 0 0 0 0 1" />
		</transform>
		<ref id="MattePaintBSDF" />
	</shape>
	<shape type="obj" id="Floor">
		<string name="filename" value="models/Mesh019.obj" />
		<transform name="to_world">
			<matrix value="1 0 0 0 0 1 0 0 0 0 1 0 0 0 0 1" />
		</transform>
		<ref id="FloorBSDF" />
	</shape>
	<shape type="obj" id="Walls_0002">
		<string name="filename" value="models/Mesh059.obj" />
		<transform name="to_world">
			<matrix value="1 0 0 0 0 1 0 0 0 0 1 0 0 0 0 1" />
		</transform>
		<ref id="WallsBSDF" />
	</shape>
	<shape type="obj" id="MattePaint_0004">
		<string name="filename" value="models/Mesh042.obj" />
		<transform name="to_world">
			<matrix value="1 0 0 0 0 1 0 0 0 0 1 0 0 0 0 1" />
		</transform>
		<ref id="MattePaintBSDF" />
	</shape>
	<shape type="obj" id="Paneling_0013">
		<string name="filename" value="models/Mesh051.obj" />
		<transform name="to_world">
			<matrix value="1 0 0 0 0 1 0 0 0 0 1 0 0 0 0 1" />
		</transform>
		<boolean name="face_normals" value="true" />
		<ref id="PanelingBSDF" />
	</shape>
	<shape type="obj" id="Paneling_0014">
		<string name="filename" value="models/Mesh061.obj" />
		<transform name="to_world">
			<matrix value="1 0 0 0 0 1 0 0 0 0 1 0 0 0 0 1" />
		</transform>
		<ref id="PanelingBSDF" />
	</shape>
	<shape type="obj" id="Sofa_0001">
		<string name="filename" value="models/Mesh047.obj" />
		<transform name="to_world">
			<matrix value="1 0 0 0 0 1 0 0 0 0 1 0 0 0 0 1" />
		</transform>
		<ref id="SofaBSDF" />
	</shape>
	<shape type="obj" id="Sofa_0002">
		<string name="filename" value="models/Mesh062.obj" />
		<transform name="to_world">
			<matrix value="1 0 0 0 0 1 0 0 0 0 1 0 0 0 0 1" />
		</transform>
		<ref id="SofaBSDF" />
	</shape>
	<shape type="obj" id="Sofa_0003">
		<string name="filename" value="models/Mesh064.obj" />
		<transform name="to_world">
			<matrix value="1 0 0 0 0 1 0 0 0 0 1 0 0 0 0 1" />
		</transform>
		<ref id="SofaBSDF" />
	</shape>
	<shape type="obj" id="Sofa_0004">
		<string name="filename" value="models/Mesh014.obj" />
		<transform name="to_world">
			<matrix value="1 0 0 0 0 1 0 0 0 0 1 0 0 0 0 1" />
		</transform>
		<ref id="SofaBSDF" />
	</shape>
	<shape type="obj" id="Sofa_0005">
		<string name="filename" value="models/Mesh013.obj" />
		<transform name="to_world">
			<matrix value="1 0 0 0 0 1 0 0 0 0 1 0 0 0 0 1" />
		</transform>
		<ref id="SofaBSDF" />
	</shape>
	<shape type="obj" id="Sofa_0006">
		<string name="filename" value="models/Mesh034.obj" />
		<transform name="to_world">
			<matrix value="1 0 0 0 0 1 0 0 0 0 1 0 0 0 0 1" />
		</transform>
		<ref id="SofaBSDF" />
	</shape>
	<shape type="obj" id="SofaLegs">
		<string name="filename" value="models/Mesh021.obj" />
		<transform name="to_world">
			<matrix value="1 0 0 0 0 1 0 0 0 0 1 0 0 0 0 1" />
		</transform>
		<ref id="SofaLegsBSDF" />
	</shape>
	<shape type="obj" id="MattePaint_0005">
		<string name="filename" value="models/Mesh012.obj" />
		<transform name="to_world">
			<matrix value="1 0 0 0 0 1 0 0 0 0 1 0 0 0 0 1" />
		</transform>
		<ref id="MattePaintBSDF" />
	</shape>
	<shape type="obj" id="MattePaint_0006">
		<string name="filename" value="models/Mesh011.obj" />
		<transform name="to_world">
			<matrix value="1 0 0 0 0 1 0 0 0 0 1 0 0 0 0 1" />
		</transform>
		<ref id="MattePaintBSDF" />
	</shape>
	<shape type="obj" id="MattePaint_0007">
		<string name="filename" value="models/Mesh053.obj" />
		<transform name="to_world">
			<matrix value="1 0 0 0 0 1 0 0 0 0 1 0 0 0 0 1" />
		</transform>
		<ref id="MattePaintBSDF" />
	</shape>
	<shape type="obj" id="PlantPot_0002">
		<string name="filename" value="models/Mesh010.obj" />
		<transform name="to_world">
			<matrix value="1 0 0 0 0 1 0 0 0 0 1 0 0 0 0 1" />
		</transform>
		<ref id="PlantPotBSDF" />
	</shape>
	<shape type="obj" id="Dirt_0002">
		<string name="filename" value="models/Mesh009.obj" />
		<transform name="to_world">
			<matrix value="1 0 0 0 0 1 0 0 0 0 1 0 0 0 0 1" />
		</transform>
		<ref id="DirtBSDF" />
	</shape>
	<shape type="obj" id="Branches_0003">
		<string name="filename" value="models/Mesh017.obj" />
		<transform name="to_world">
			<matrix value="1 0 0 0 0 1 0 0 0 0 1 0 0 0 0 1" />
		</transform>
		<ref id="BranchesBSDF" />
	</shape>
	<shape type="obj" id="Leaves_0003">
		<string name="filename" value="models/Mesh058.obj" />
		<transform name="to_world">
			<matrix value="1 0 0 0 0 1 0 0 0 0 1 0 0 0 0 1" />
		</transform>
		<ref id="LeavesBSDF" />
	</shape>
	<shape type="obj" id="Branches_0004">
		<string name="filename" value="models/Mesh008.obj" />
		<transform name="to_world">
			<matrix value="1 0 0 0 0 1 0 0 0 0 1 0 0 0 0 1" />
		</transform>
		<ref id="BranchesBSDF" />
	</shape>
	<shape type="obj" id="Leaves_0004">
		<string name="filename" value="models/Mesh007.obj" />
		<transform name="to_world">
			<matrix value="1 0 0 0 0 1 0 0 0 0 1 0 0 0 0 1" />
		</transform>
		<ref id="LeavesBSDF" />
	</shape>
	<shape type="obj" id="Painting">
		<string name="filename" value="models/Mesh023.obj" />
		<transform name="to_world">
			<matrix value="1 0 0 0 0 1 0 0 0 0 1 0 0 0 0 1" />
		</transform>
		<boolean name="face_normals" value="true" />
		<ref id="PaintingBSDF" />
	</shape>
	<shape type="obj" id="MattePaint_0008">
		<string name="filename" value="models/Mesh006.obj" />
		<transform name="to_world">
			<matrix value="1 0 0 0 0 1 0 0 0 0 1 0 0 0 0 1" />
		</transform>
		<boolean name="face_normals" value="true" />
		<ref id="MattePaintBSDF" />
	</shape>
	<shape type="obj" id="PaintingBack">
		<string name="filename" value="models/Mesh005.obj" />
		<transform name="to_world">
			<matrix value="1 0 0 0 0 1 0 0 0 0 1 0 0 0 0 1" />
		</transform>
		<boolean name="face_normals" value="true" />
		<ref id="PaintingBackBSDF" />
	</shape>
	<shape type="obj" id="TableWood_0001">
		<string name="filename" value="models/Mesh004.obj" />
		<transform name="to_world">
			<matrix value="1 0 0 0 0 1 0 0 0 0 1 0 0 0 0 1" />
		</transform>
		<boolean name="face_normals" value="true" />
		<ref id="TableWoodBSDF" />
	</shape>
	<shape type="obj" id="TableWood_0002">
		<string name="filename" value="models/Mesh003.obj" />
		<transform name="to_world">
			<matrix value="1 0 0 0 0 1 0 0 0 0 1 0 0 0 0 1" />
		</transform>
		<ref id="TableWoodBSDF" />
	</shape>
	<shape type="obj" id="Glass_0001">
		<string name="filename" value="models/Mesh002.obj" />
		<transform name="to_world">
			<matrix value="1 0 0 0.634815 0 1 0 0 0 0 1 -0.151441 0 0 0 1" />
		</transform>
		<ref id="GlassBSDF" />
	</shape>
	<shape type="obj" id="BottleCap">
		<string name="filename" value="models/Mesh001.obj" />
		<transform name="to_world">
			<matrix value="1 0 0 0.634815 0 1 0 0 0 0 1 -0.151441 0 0 0 1" />
		</transform>
		<ref id="BottleCapBSDF" />
	</shape>
	<shape type="obj" id="Glass_0002">
		<string name="filename" value="models/Mesh030.obj" />
		<transform name="to_world">
			<matrix value="1 0 0 0.634815 0 1 0 0 0 0 1 -0.195609 0 0 0 1" />
		</transform>
		<ref id="GlassBSDF" />
	</shape>
	<shape type="obj" id="Glass_0003">
		<string name="filename" value="models/Mesh044.obj" />
		<transform name="to_world">
			<matrix value="1 0 0 0.634815 0 1 0 0 0 0 1 -0.195609 0 0 0 1" />
		</transform>
		<ref id="GlassBSDF" />
	</shape>
	<shape type="obj" id="TableWood_0003">
		<string name="filename" value="models/Mesh000.obj" />
		<transform name="to_world">
			<matrix value="1 0 0 0.634815 0 1 0 0 0 0 1 -0.195609 0 0 0 1" />
		</transform>
		<ref id="TableWoodBSDF" />
	</shape>
	<shape type="obj" id="TableWood_0004">
		<string name="filename" value="models/Mesh037.obj" />
		<transform name="to_world">
			<matrix value="1 0 0 0.634815 0 1 0 0 0 0 1 -0.195609 0 0 0 1" />
		</transform>
		<ref id="TableWoodBSDF" />
	</shape>
	<shape type="obj" id="TableWood_0005">
		<string name="filename" value="models/Mesh031.obj" />
		<transform name="to_world">
			<matrix value="1 0 0 0.634815 0 1 0 0 0 0 1 -0.195609 0 0 0 1" />
		</transform>
		<ref id="TableWoodBSDF" />
	</shape>
	<emitter type="envmap">
		<transform name="to_world">
			<matrix value="-4.37114e-008 0 1 0 0 1 0 0 -1 0 -4.37114e-008 0 0 0 0 1" />
		</transform>
		<string name="filename" value="textures/Sky 19.exr" />
	</emitter>
</scene>